{
    "Best Supporting Actress in a Series, Mini-Series or TV Movie": {
        "Michelle Monaghan": 0.001120358514724712, 
        "Joanne Froggatt": 0.8806017925736236, 
        "Allison Janney": 0.0033610755441741357, 
        "Uzo Aduba": 0.0076824583866837385, 
        "Kathy Bates": 0.10723431498079386
    }, 
    "Best Director - Motion Picture": {
        "David Fincher": 0.002173608189594727, 
        "Richard Linklater": 0.8753330528677605, 
        "Alejandro Gonz\u00e1lez I\u00f1\u00e1rritun": 0.0, 
        "Ava DuVernay": 0.02236712943486187, 
        "Wes Anderson": 0.10012620950778292
    }, 
    "Best Actress in a Motion Picture, Drama": {
        "Julianne Moore": 0.0, 
        "Jennifer Aniston": 0.4033057851239669, 
        "Felicity Jones": 0.13553719008264462, 
        "Rosamund Pike": 0.3148760330578512, 
        "Reese Witherspoon": 0.14628099173553719
    }, 
    "Best Foreign Language Film": {
        "Force Majeure": 0.005568680391495107, 
        "Gett: The Trial of Viviane Amsalem": 0.00016874789065136686, 
        "Leviathan": 0.9122510968612892, 
        "Tangerines": 0.0010124873439082012, 
        "Ida": 0.08099898751265609
    }, 
    "Best Actor in a Motion Picture, Musical or Comedy": {
        "Joaquin Phoenix": 0.0011691348402182386, 
        "Christoph Waltz": 0.009353078721745909, 
        "Ralph Fiennes": 0.0020459859703819173, 
        "Bill Murray ": 0.0, 
        "Michael Keaton": 0.9874318004676539
    }, 
    "Best TV Series, Drama": {
        "Downton Abbey": 0.17613048791952618, 
        "The Affair": 0.520259471655542, 
        "House of Cards": 0.28067124189151077, 
        "Good Wife, The": 4.7005734699633354e-05, 
        "Game Of Thrones": 0.022891792798721444
    }, 
    "Best TV Movie or Mini-Series": {
        "Fargo": 0.6703532107806506, 
        "Olive Kitteridge": 0.0009963632740497186, 
        "The Missing": 0.0063269067902157125, 
        "The Normal Heart": 0.30319334429332934, 
        "True Detective": 0.019130174861754595
    }, 
    "Best Original Score - Motion Picture": {
        "Antonio Sanchez": 0.046218487394957986, 
        "Hans Zimmer": 0.2815126050420168, 
        "J\u00f3hann J\u00f3hannsson": 0.6197478991596639, 
        "Trent Reznor, Atticus Ross": 0.0, 
        "Alexandre Desplat": 0.052521008403361345
    }, 
    "Best Motion Picture, Musical or Comedy": {
        "Birdman": 0.4641255605381166, 
        "Into The Woods": 0.0037543018041505893, 
        "St. Vincent": 0.0011210762331838565, 
        "The Grand Budapest Hotel": 0.47880383773073315, 
        "Pride": 0.05219522369381583
    }, 
    "Best Supporting Actor in a Series, Mini-Series or TV Movie": {
        "Jon Voight": 0.0015511892450879006, 
        "Matt Bomer": 0.9738883143743536, 
        "Alan Cumming": 0.008014477766287487, 
        "Colin Hanks": 0.0009048603929679421, 
        "Bill Murray ": 0.015641158221303
    }, 
    "Best Supporting Actress in a Motion Picture": {
        "Keira Knightley": 0.01012216404886562, 
        "Patricia Arquette": 0.8041884816753927, 
        "Meryl Streep": 0.05433391506689936, 
        "Emma Stone": 0.0803955788248982, 
        "Jessica Chastain": 0.05095986038394416
    }, 
    "Best TV Series, Musical or Comedy": {
        "Orange is the New Black": 0.0016560404073859402, 
        "Girls": 0.03365902128011924, 
        "Transparent": 0.6882089922994121, 
        "Silicon Valley": 0.0014076343462780493, 
        "Jane the Virgin": 0.2750683116668047
    }, 
    "Best Actress in a Mini-Series or TV Movie": {
        "Frances McDormand": 0.008958566629339306, 
        "Allison Tolman": 0.012877939529675251, 
        "Maggie Gyllenhaal": 0.8316536020903322, 
        "Jessica Lange": 0.1453900709219858, 
        "Frances O'Connor": 0.0011198208286674132
    }, 
    "Best Screenplay - Motion Picture": {
        "Alejandro Gonz\u00e1lez I\u00f1\u00e1rritu, Nicol\u00e1s Giacobone, Alexander Dinelaris, Armando Bo ": 0.0, 
        "Gillian Flynn": 1.0, 
        "Richard Linklater": 0.0, 
        "Graham Moore": 0.0, 
        "Wes Anderson": 0.0
    }, 
    "Best Actor in a TV Series, Drama": {
        "Liev Schreiber": 0.0011911478904143942, 
        "Kevin Spacey": 0.9850166133784716, 
        "James Spader": 0.0035107516770108457, 
        "Clive Owen": 0.0017553758385054229, 
        "Dominic West": 0.008526111215597768
    }, 
    "Best Supporting Actor in a Motion Picture": {
        "Mark Ruffalo": 0.0, 
        "Edward Norton": 0.007159177456207159, 
        "J.K. Simmons": 0.9730388423457731, 
        "Ethan Hawke": 0.012185833968012186, 
        "Robert Duvall": 0.007616146230007616
    }, 
    "Best Actor in a Mini-Series or TV Movie": {
        "Matthew McConaughey": 0.07221711131554738, 
        "Woody Harrelson": 0.0011499540018399263, 
        "Billy Bob Thornton": 0.9089236430542779, 
        "Martin Freeman": 0.005979760809567618, 
        "Mark Ruffalo": 0.011729530818767249
    }, 
    "Best Actor in a TV Series, Musical or Comedy": {
        "Don Cheadle": 0.007105119329568228, 
        "William H. Macy": 0.0012752778283840408, 
        "Ricky Gervais": 0.036800874476225175, 
        "Jeffrey Tambor": 0.9548187283658226, 
        "Louie C.K.": 0.0
    }, 
    "Best Actress in a TV Series, Drama": {
        "Claire Danes": 0.022882096069868997, 
        "Ruth Wilson": 0.902707423580786, 
        "Robin Wright": 0.011703056768558952, 
        "Viola Davis": 0.04925764192139738, 
        "Julianna Margulies": 0.013449781659388647
    }, 
    "Best Actress in a TV Series, Musical or Comedy": {
        "Edie Falco": 0.00019443904335990667, 
        "Lena Dunham": 0.005444293214077387, 
        "Gina Rodriguez": 0.989500291658565, 
        "Julia Louis-Dreyfus": 0.0018471709119191133, 
        "Taylor Schilling": 0.0030138051720785533
    }, 
    "Best Animated Feature Film": {
        "How To Train Your Dragon 2": 0.9041041041041041, 
        "Big Hero 6": 0.024524524524524523, 
        "The Boxtrolls": 0.0005005005005005005, 
        "The Lego Movie": 0.06686686686686687, 
        "The Book of Life": 0.004004004004004004
    }, 
    "Best Original Song - Motion Picture": {
        "Big Eyes": 0.9737975592246949, 
        "The Hunger Games: Mockingjay, Part 1": 0.0, 
        "Selma": 0.0, 
        "Annie": 0.011844938980617373, 
        "Noah": 0.014357501794687724
    }, 
    "Best Actor in a Motion Picture, Drama": {
        "Steve Carell": 0.0032546786004882017, 
        "Benedict Cumberbatch": 0.10613303498779496, 
        "David Oyelowo": 0.013984947111472742, 
        "Eddie Redmayne": 0.865286818551668, 
        "Jake Gyllenhaal": 0.011340520748576078
    }, 
    "Best Actress In A Motion Picture, Musical or Comedy": {
        "Emily Blunt": 0.019125199220825218, 
        "Julianne Moore": 0.46657517265804854, 
        "Amy Adams": 0.5110678236231627, 
        "Quvenzhan Wallis": 0.0, 
        "Helen Mirren": 0.0032318044979635203
    }, 
    "Best Motion Picture, Drama": {
        "Selma": 0.2739804308022438, 
        "Foxcatcher": 0.0042333842583414, 
        "The Imitation Game": 0.0017726567693330379, 
        "The Theory of Everything": 0.1371709797427315, 
        "Boyhood": 0.5185487538922644
    }
}