{
    "Best Supporting Actress in a Series, Mini-Series or TV Movie": {
        "Nominees": {
            "Michelle Monaghan": 0.0, 
            "Joanne Froggatt": 0.9903938520653218, 
            "Allison Janney": 0.004803073967339097, 
            "Uzo Aduba": 0.0009606147934678194, 
            "Kathy Bates": 0.0038424591738712775
        }, 
        "winner": "Joanne Froggatt", 
        "real_winner": "Joanne Froggatt", 
        "correct": true
    }, 
    "Best Director - Motion Picture": {
        "Nominees": {
            "David Fincher": 0.0014530659691950015, 
            "Alejandro Gonzalez": 0.035164196454519035, 
            "Richard Linklater": 0.8480092996222028, 
            "Ava DuVernay": 0.017436791630340016, 
            "Wes Anderson": 0.0979366463237431
        }, 
        "winner": "Richard Linklater", 
        "real_winner": " Richard Linklater", 
        "correct": true
    }, 
    "Best Actress in a Motion Picture, Drama": {
        "Nominees": {
            "Julianne Moore": 0.9833475661827498, 
            "Jennifer Aniston": 0.0025619128949615714, 
            "Felicity Jones": 0.004269854824935952, 
            "Rosamund Pike": 0.008539709649871904, 
            "Reese Witherspoon": 0.0012809564474807857
        }, 
        "winner": "Julianne Moore", 
        "real_winner": "Julianne Moore", 
        "correct": true
    }, 
    "Best Foreign Language Film": {
        "Nominees": {
            "Force Majeure": 0.003599712023038157, 
            "Gett: The Trial of Viviane Amsalem": 0.0, 
            "Leviathan": 0.9323254139668826, 
            "Tangerines": 0.0007199424046076314, 
            "Ida": 0.06335493160547156
        }, 
        "winner": "Leviathan", 
        "real_winner": "Leviathan", 
        "correct": true
    }, 
    "Best Actor in a Motion Picture, Musical or Comedy": {
        "Nominees": {
            "Bill Murray": 0.010407632263660017, 
            "Joaquin Phoenix": 0.0, 
            "Ralph Fiennes": 0.0008673026886383347, 
            "Christoph Waltz": 0.0008673026886383347, 
            "Michael Keaton": 0.9878577623590633
        }, 
        "winner": "Michael Keaton", 
        "real_winner": "Michael Keaton", 
        "correct": true
    }, 
    "Best TV Series, Drama": {
        "Nominees": {
            "The Good Wife": 0.00267639902676399, 
            "Downtown Abbey": 0.00291970802919708, 
            "House of Cards": 0.30097323600973236, 
            "The Affair": 0.6715328467153284, 
            "Game Of Thrones": 0.021897810218978103
        }, 
        "winner": "The Affair", 
        "real_winner": "The Affair", 
        "correct": true
    }, 
    "Best TV Movie or Mini-Series": {
        "Nominees": {
            "Fargo": 0.7191700070738033, 
            "Olive Kitteridge": 0.0002357934449422306, 
            "The Missing": 0.009667531242631455, 
            "The Normal Heart": 0.258665409101627, 
            "True Detective": 0.012261259136995991
        }, 
        "winner": "Fargo", 
        "real_winner": "Fargo", 
        "correct": true
    }, 
    "Best Original Score - Motion Picture": {
        "Nominees": {
            "Birdman": 0.02452316076294278, 
            "Gone Girl": 0.0027247956403269754, 
            "The Imitation Game": 0.0013623978201634877, 
            "Interstellar": 0.04495912806539509, 
            "The Theory of Everything": 0.9264305177111717
        }, 
        "winner": "The Theory of Everything", 
        "real_winner": "The Theory of Everything", 
        "correct": true
    }, 
    "Best Motion Picture, Musical or Comedy": {
        "Nominees": {
            "Birdman": 0.2689210950080515, 
            "Into The Woods": 0.003450655624568668, 
            "St. Vincent": 0.00023004370830457787, 
            "The Grand Budapest Hotel": 0.7227973314929836, 
            "Pride": 0.004600874166091558
        }, 
        "winner": "The Grand Budapest Hotel", 
        "real_winner": "The Grand Budapest Hotel", 
        "correct": true
    }, 
    "Best Supporting Actor in a Series, Mini-Series or TV Movie": {
        "Nominees": {
            "Jon Voight": 0.000723589001447178, 
            "Bill Murray": 0.0, 
            "Matt Bomer": 0.9927641099855282, 
            "Alan Cumming": 0.006512301013024602, 
            "Colin Hanks": 0.0
        }, 
        "winner": "Matt Bomer", 
        "real_winner": "Matt Bomer", 
        "correct": true
    }, 
    "Best Supporting Actress in a Motion Picture": {
        "Nominees": {
            "Keira Knightley": 0.008911521323997454, 
            "Patricia Arquette": 0.9535327816677276, 
            "Meryl Streep": 0.019096117122851686, 
            "Emma Stone": 0.012730744748567792, 
            "Jessica Chastain": 0.005728835136855506
        }, 
        "winner": "Patricia Arquette", 
        "real_winner": "Patricia Arquette", 
        "correct": true
    }, 
    "Best TV Series, Musical or Comedy": {
        "Nominees": {
            "Orange is the New Black": 0.0005705591479650057, 
            "Girls": 0.010079878280715101, 
            "Transparent": 0.7107265119817421, 
            "Silicon Valley": 0.0007607455306200076, 
            "Jane the Virgin": 0.27786230505895776
        }, 
        "winner": "Transparent", 
        "real_winner": "Transparent", 
        "correct": true
    }, 
    "Best Actress in a Mini-Series or TV Movie": {
        "Nominees": {
            "Frances O'Connor ": 0.0, 
            "Frances McDormand": 0.0011086474501108647, 
            "Allison Tolman": 0.02106430155210643, 
            "Maggie Gyllenhaal": 0.9745011086474501, 
            "Jessica Lange": 0.0033259423503325942
        }, 
        "winner": "Maggie Gyllenhaal", 
        "real_winner": "Maggie Gyllenhaal", 
        "correct": true
    }, 
    "Best Screenplay - Motion Picture": {
        "Nominees": {
            "Gone Girl": 0.003137550200803213, 
            "Birdman": 0.36834839357429716, 
            "Boyhood": 0.40963855421686746, 
            "The Imitation Game": 0.00037650602409638556, 
            "The Grand Budapest Hotel": 0.21849899598393574
        }, 
        "winner": "Boyhood", 
        "real_winner": "Birdman", 
        "correct": true
    }, 
    "Best Actor in a TV Series, Drama": {
        "Nominees": {
            "Liev Schreiber": 0.0002768549280177187, 
            "Kevin Spacey": 0.9886489479512736, 
            "James Spader": 0.0008305647840531562, 
            "Clive Owen": 0.0, 
            "Dominic West": 0.010243632336655593
        }, 
        "winner": "Kevin Spacey", 
        "real_winner": "Kevin Spacey", 
        "correct": true
    }, 
    "Best Supporting Actor in a Motion Picture": {
        "Nominees": {
            "Mark Ruffalo": 0.0006666666666666666, 
            "Edward Norton": 0.004, 
            "J.K. Simmons": 0.976, 
            "Ethan Hawke": 0.011333333333333334, 
            "Robert Duvall": 0.008
        }, 
        "winner": "J.K. Simmons", 
        "real_winner": "J.K. Simmons", 
        "correct": true
    }, 
    "Best Actor in a Mini-Series or TV Movie": {
        "Nominees": {
            "Matthew McConaughey": 0.03470031545741325, 
            "Woody Harrelson": 0.0, 
            "Billy Bob Thornton": 0.9574132492113565, 
            "Martin Freeman": 0.006309148264984227, 
            "Mark Ruffalo": 0.0015772870662460567
        }, 
        "winner": "Billy Bob Thornton", 
        "real_winner": "Billy Bob Thornton", 
        "correct": true
    }, 
    "Best Actor in a TV Series, Musical or Comedy": {
        "Nominees": {
            "Don Cheadle": 0.0017211703958691911, 
            "William H. Macy": 0.0008605851979345956, 
            "Ricky Gervais": 0.006024096385542169, 
            "Jeffrey Tambor": 0.9913941480206541, 
            "Louie C.K.": 0.0
        }, 
        "winner": "Jeffrey Tambor", 
        "real_winner": "Jeffrey Tambor", 
        "correct": true
    },