{
    "Best Screenplay": {
        "Nominees": {
            "Silver Linings Playbook": 0.06382978723404255, 
            "Lincoln": 0.15886524822695036, 
            "Django Unchained": 0.15673758865248227, 
            "Zero Dark Thirty": 0.04184397163120567, 
            "Argo": 0.5787234042553191
        }, 
        "winner": "Argo", 
        "real_winner": "Quentin Tarantino", 
        "correct": true
    }, 
    "Best Series - Drama": {
        "Nominees": {
            "Breaking Bad": 0.041116005873715125, 
            "The Newsroom": 0.007342143906020558, 
            "Boardwalk Empire": 0.0014684287812041115, 
            "Homeland": 0.9486049926578561, 
            "Downtown Abbey": 0.0014684287812041115
        }, 
        "winner": "Homeland", 
        "real_winner": "Homeland", 
        "correct": true
    }, 
    "Best Director - Motion Picture": {
        "Nominees": {
            "Ang Lee": 0.0056433408577878106, 
            "Kathryn Bigelow": 0.014672686230248307, 
            "Steven Spielberg": 0.004514672686230248, 
            "Ben Affleck": 0.7347629796839729, 
            "Quentin Tarantino": 0.24040632054176073
        }, 
        "winner": "Ben Affleck", 
        "real_winner": "Ben Affleck", 
        "correct": true
    }, 
    "Best Foreign Language Film": {
        "Nominees": {
            "Amour": 0.9894736842105263, 
            "Rust and Bones": 0.0, 
            "Kon-Tiki": 0.0, 
            "A Royal Affair": 0.010526315789473684, 
            "The Intouchables": 0.0
        }, 
        "winner": "Amour", 
        "real_winner": "Amour", 
        "correct": true
    }, 
    "Best Performance by an Actress in a Supporting Role in a Series, Mini-Series or Motion Picture Made for Television": {
        "Nominees": {
            "Hayden Panettiere": 0.0, 
            "Sofia Vergara": 0.01443001443001443, 
            "Archie Panjabi": 0.0, 
            "Sarah Paulson": 0.001443001443001443, 
            "Maggie Smith": 0.9841269841269841
        }, 
        "winner": "Maggie Smith", 
        "real_winner": "Maggie Smith", 
        "correct": true
    }, 
    "Best Performance by an Actress in a Television Series - Drama": {
        "Nominees": {
            "Connie Britton": 0.037383177570093455, 
            "Claire Danes": 0.9096573208722741, 
            "Michelle Dockery": 0.01557632398753894, 
            "Julianna Margulies": 0.0, 
            "Glenn Close": 0.037383177570093455
        }, 
        "winner": "Claire Danes", 
        "real_winner": "Claire Danes", 
        "correct": true
    }, 
    "Best Motion Picture - Musical or Comedy": {
        "Nominees": {
            "The Best Exotic Marigold Hotel": 0.001282051282051282, 
            "Silver Linings Playbook": 0.05512820512820513, 
            "Moonrise Kingdom": 0.016666666666666666, 
            "Les Miserables": 0.9230769230769231, 
            "Salmon Fishing in the Yemen": 0.0038461538461538464
        }, 
        "winner": "Les Miserables", 
        "real_winner": "Les Miserables", 
        "correct": true
    }, 
    "Best Original Song": {
        "Nominees": {
            "Not Running Anymore": 0.0, 
            "Suddenly": 0.007518796992481203, 
            "For You": 0.08721804511278196, 
            "Safe & Sound": 0.0, 
            "Skyfall": 0.9052631578947369
        }, 
        "winner": "Skyfall", 
        "real_winner": "Skyfall", 
        "correct": true
    }, 
    "Best Performance by an Actor in a Television Series - Drama": {
        "Nominees": {
            "Steve Buscemi": 0.005235602094240838, 
            "Jon Hamm": 0.34554973821989526, 
            "Damian Lewis": 0.6020942408376964, 
            "Jeff Daniels": 0.015706806282722512, 
            "Bryan Cranston": 0.031413612565445025
        }, 
        "winner": "Damian Lewis", 
        "real_winner": "Damian Lewis", 
        "correct": true
    }, 
    "Best Performance by an Actress in a Motion Picture - Drama": {
        "Nominees": {
            "Marion Cotillard": 0.010526315789473684, 
            "Naomi Watts": 0.014035087719298246, 
            "Rachel Weisz": 0.007017543859649123, 
            "Helen Mirren": 0.0, 
            "Jessica Chastain": 0.968421052631579
        }, 
        "winner": "Jessica Chastain", 
        "real_winner": "Jessica Chastain", 
        "correct": true
    }, 
    "Best Original Score": {
        "Nominees": {
            "Anna Karenina": 0.0, 
            "Lincoln": 0.004132231404958678, 
            "Life of Pi": 0.9793388429752066, 
            "Cloud Atlas": 0.012396694214876033, 
            "Argo": 0.004132231404958678
        }, 
        "winner": "Life of Pi", 
        "real_winner": "Life of Pi", 
        "correct": true
    }, 
    "Best Performance By An Actress In A Motion Picture - Comedy or Musical": {
        "Nominees": {
            "Emily Blunt": 0.0016420361247947454, 
            "Judi Dench": 0.0049261083743842365, 
            "Maggie Smith": 0.026272577996715927, 
            "Meryl Streep": 0.031198686371100164, 
            "Jennifer Lawrence": 0.9359605911330049
        }, 
        "winner": "Jennifer Lawrence", 
        "real_winner": "Jennifer Lawrence", 
        "correct": true
    }, 
    "Best Performance by an Actress in a Mini-Series or Motion Picture Made for Television": {
        "Nominees": {
            "Sienna Miller": 0.0, 
            "Julianne Moore": 0.9105263157894737, 
            "Sigourney Weaver": 0.005263157894736842, 
            "Nicole Kidman": 0.02631578947368421, 
            "Jessica Lange": 0.05789473684210526
        }, 
        "winner": "Julianne Moore", 
        "real_winner": "Julianne Moore", 
        "correct": true
    }, 
    "Best Performance by an Actor in a Supporting Role in a Motion Picture": {
        "Nominees": {
            "Alan Arkin": 0.0030581039755351682, 
            "Tommy Lee Jones": 0.0672782874617737, 
            "Christoph Waltz": 0.8960244648318043, 
            "Leonardo DiCaprio": 0.03058103975535168, 
            "Philip Seymour Hoffman": 0.0030581039755351682
        }, 
        "winner": "Christoph Waltz", 
        "real_winner": "Christoph Waltz", 
        "correct": true
    }, 
    "Best Performance by an Actor in a Supporting Role in a Series, Mini-Series or Motion Picture Made for Television": {
        "Nominees": {
            "Mandy Patinkin": 0.2608695652173913, 
            "Max Greenfield": 0.043478260869565216, 
            "Eric Stonestreet": 0.0, 
            "Danny Huston": 0.0, 
            "Ed Harris": 0.6956521739130435
        }, 
        "winner": "Ed Harris", 
        "real_winner": "Ed Harris", 
        "correct": true
    }, 
    "Best Performance by an Actress in a Supporting Role in a Motion Picture": {
        "Nominees": {
            "Amy Adams": 0.0012690355329949238, 
            "Helen Hunt": 0.0, 
            "Anne Hathaway": 0.9695431472081218, 
            "Sally Field": 0.027918781725888325, 
            "Nicole Kidman": 0.0012690355329949238
        }, 
        "winner": "Anne Hathaway", 
        "real_winner": "Anne Hathwaway", 
        "correct": true
    }, 
    "Best Performance by an Actor in a Mini-Series or Motion Picture Made for Television": {
        "Nominees": {
            "Woody Harrelson": 0.02127659574468085, 
            "Clive Owen": 0.0, 
            "Kevin Costner": 0.9680851063829787, 
            "Benedict Cumberpatch": 0.0, 
            "Toby Jones": 0.010638297872340425
        }, 
        "winner": "Kevin Costner", 
        "real_winner": "Kevin Costner", 
        "correct": true
    }, 
    "Best Animated Feature Film": {
        "Nominees": {
            "Hotel Transylvania": 0.002824858757062147, 
            "Wreck-It Ralph": 0.0423728813559322, 
            "Brave": 0.940677966101695, 
            "Rise of the Guardians": 0.005649717514124294, 
            "Frankenweenie": 0.00847457627118644
        }, 
        "winner": "Brave", 
        "real_winner": "Brave",