{
    "Best Screenplay - Motion Picture": {
        "Nominees": {
            "Gone Girl": 0, 
            "Birdman": 0, 
            "Boyhood": 0, 
            "The Imitation Game": 0, 
            "The Grand Budapest Hotel": 0
        }
    }, 
    "Best Director - Motion Picture": {
        "Nominees": {
            "David Fincher": 0.002115463354715436, 
            "Alejandro Gonzalez": 0.02675037532414358, 
            "Richard Linklater": 0.8519175651699195, 
            "Ava DuVernay": 0.021768800327555616, 
            "Wes Anderson": 0.09744779582366589
        }, 
        "winner": "Richard Linklater"
    }, 
    "Best Actress in a Motion Picture, Drama": {
        "Nominees": {
            "Julianne Moore": 0.0, 
            "Jennifer Aniston": 0.4033057851239669, 
            "Felicity Jones": 0.13553719008264462, 
            "Rosamund Pike": 0.3148760330578512, 
            "Reese Witherspoon": 0.14628099173553719
        }, 
        "winner": "Jennifer Aniston"
    }, 
    "Best Foreign Language Film": {
        "Nominees": {
            "Force Majeure": 0.005568680391495107, 
            "Gett: The Trial of Viviane Amsalem": 0.00016874789065136686, 
            "Leviathan": 0.9122510968612892, 
            "Tangerines": 0.0010124873439082012, 
            "Ida": 0.08099898751265609
        }, 
        "winner": "Leviathan"
    }, 
    "Best Actor in a Motion Picture, Musical or Comedy": {
        "Nominees": {
            "Bill Murray": 0.0, 
            "Joaquin Phoenix": 0.0011691348402182386, 
            "Ralph Fiennes": 0.0020459859703819173, 
            "Christoph Waltz": 0.009353078721745909, 
            "Michael Keaton": 0.9874318004676539
        }, 
        "winner": "Michael Keaton"
    }, 
    "Best TV Series, Drama": {
        "Nominees": {
            "The Good Wife": 0.004076779344317989, 
            "Game Of Thrones": 0.027574882509484176, 
            "House of Cards": 0.3380895759017043, 
            "The Affair": 0.6266915803182153, 
            "Downtown Abbey": 0.0035671819262782403
        }, 
        "winner": "The Affair"
    }, 
    "Best TV Movie or Mini-Series": {
        "Nominees": {
            "Fargo": 0.6703532107806506, 
            "The Missing": 0.0063269067902157125, 
            "True Detective": 0.019130174861754595, 
            "The Normal Heart": 0.30319334429332934, 
            "Olive Kitteridge": 0.0009963632740497186
        }, 
        "winner": "Fargo"
    }, 
    "Best Original Score - Motion Picture": {
        "Nominees": {
            "Birdman": 0.0, 
            "Gone Girl": 0.4090909090909091, 
            "The Imitation Game": 0.0, 
            "Interstellar": 0.5909090909090909, 
            "The Theory of Everything": 0.0
        }, 
        "winner": "Interstellar"
    }, 
    "Best Motion Picture, Musical or Comedy": {
        "Nominees": {
            "Birdman": 0.4641255605381166, 
            "Into The Woods": 0.0037543018041505893, 
            "Pride": 0.05219522369381583, 
            "The Grand Budapest Hotel": 0.47880383773073315, 
            "St. Vincent": 0.0011210762331838565
        }, 
        "winner": "The Grand Budapest Hotel"
    }, 
    "Best Supporting Actor in a Series, Mini-Series or TV Movie": {
        "Nominees": {
            "Jon Voight": 0.0015465910555483955, 
            "Bill Murray": 0.018559092666580745, 
            "Matt Bomer": 0.9710014177084676, 
            "Alan Cumming": 0.00799072045366671, 
            "Colin Hanks": 0.000902178115736564
        }, 
        "winner": "Matt Bomer"
    }, 
    "Best Supporting Actress in a Motion Picture": {
        "Nominees": {
            "Keira Knightley": 0.01012216404886562, 
            "Jessica Chastain": 0.05095986038394416, 
            "Meryl Streep": 0.05433391506689936, 
            "Emma Stone": 0.0803955788248982, 
            "Patricia Arquette": 0.8041884816753927
        }, 
        "winner": "Patricia Arquette"
    }, 
    "Best TV Series, Musical or Comedy": {
        "Nominees": {
            "Orange is the New Black": 0.0016560404073859402, 
            "Girls": 0.03365902128011924, 
            "Transparent": 0.6882089922994121, 
            "Silicon Valley": 0.0014076343462780493, 
            "Jane the Virgin": 0.2750683116668047
        }, 
        "winner": "Transparent"
    }, 
    "Best Actress in a Mini-Series or TV Movie": {
        "Nominees": {
            "Frances O'Connor ": 0.0005602240896358543, 
            "Frances McDormand": 0.008963585434173669, 
            "Allison Tolman": 0.01288515406162465, 
            "Maggie Gyllenhaal": 0.8321195144724557, 
            "Jessica Lange": 0.1454715219421102
        }, 
        "winner": "Maggie Gyllenhaal"
    }, 
    "Best Supporting Actress in a Series, Mini-Series or TV Movie": {
        "Nominees": {
            "Michelle Monaghan": 0.001120358514724712, 
            "Kathy Bates": 0.10723431498079386, 
            "Joanne Froggatt": 0.8806017925736236, 
            "Uzo Aduba": 0.0076824583866837385, 
            "Allison Janney": 0.0033610755441741357
        }, 
        "winner": "Joanne Froggatt"
    }, 
    "Best Actor in a TV Series, Drama": {
        "Nominees": {
            "James Spader": 0.0035107516770108457, 
            "Kevin Spacey": 0.9850166133784716, 
            "Liev Schreiber": 0.0011911478904143942, 
            "Clive Owen": 0.0017553758385054229, 
            "Dominic West": 0.008526111215597768
        }, 
        "winner": "Kevin Spacey"
    }, 
    "Best Supporting Actor in a Motion Picture": {
        "Nominees": {
            "Mark Ruffalo": 0.0, 
            "Edward Norton": 0.007159177456207159, 
            "J.K. Simmons": 0.9730388423457731, 
            "Robert Duvall": 0.007616146230007616, 
            "Ethan Hawke": 0.012185833968012186
        }, 
        "winner": "J.K. Simmons"
    }, 
    "Best Actor in a Mini-Series or TV Movie": {
        "Nominees": {
            "Matthew McConaughey": 0.07221711131554738, 
            "Woody Harrelson": 0.0011499540018399263, 
            "Billy Bob Thornton": 0.9089236430542779, 
            "Martin Freeman": 0.005979760809567618, 
            "Mark Ruffalo": 0.011729530818767249
        }, 
        "winner": "Billy Bob Thornton"
    }, 
    "Best Actor in a TV Series, Musical or Comedy": {
        "Nominees": {
            "Don Cheadle": 0.007105119329568228, 
            "William H. Macy": 0.0012752778283840408, 
            "Ricky Gervais": 0.036800874476225175, 
            "Jeffrey Tambor": 0.9548187283658226, 
            "Louie C.K.": 0.0
        }, 
        "winner": "Jeffrey Tambor"
    }, 
    "Best Actress in a TV Series, Drama": {
        "Nominees": {
            "Claire Danes": 0.022882096069868997, 
            "Ruth Wilson": 0.902707423580786, 
            "Robin Wright": 0.011703056768558952, 
            "Viola Davis": 0.04925764192139738, 
            "Julianna Margulies": 0.013449781659388647
        }, 
        "winner": "Ruth Wilson"
    }, 
    "Best Actress in a TV Series, Musical or Comedy": {
        "Nominees": {
            "Edie Falco": 0.00019443904335990667, 
            "Gina Rodriguez": 0.989500291658565, 
            "Lena Dunham": 0.005444293214077387, 
            "Julia Louis-Dreyfus": 0.0018471709119191133, 
            "Taylor Schilling": 0.0030138051720785533
        }, 
        "winner": "Gina Rodriguez"
    }, 
    "Best Animated Feature Film": {
        "Nominees": {
            "How To Train Your Dragon 2": 0.9041041041041041, 
            "Big Hero 6": 0.024524524524524523, 
            "The Book of Life": 0.004004004004004004, 
            "The Lego Movie": 0.06686686686686687, 
            "The Boxtrolls": 0.0005005005005005005
        }, 
        "winner": "How To Train Your Dragon 2"
    }, 
    "Best Original Song - Motion Picture": {
        "Nominees": {
            "Big Eyes": 0.9737975592246949, 
            "The Hunger Games: Mockingjay, Part 1": 0.0, 
            "Selma": 0.0,